<?xml version="1.0" encoding="UTF-8"?>
<project-private xmlns="http://www.netbeans.org/ns/project-private/1">
    <editor-bookmarks xmlns="http://www.netbeans.org/ns/editor-bookmarks/2" lastBookmarkId="0"/>
    <open-files xmlns="http://www.netbeans.org/ns/projectui-open-files/2">
        <group>
            <file>file:/Users/kyleangelolino/Downloads/GitHub/CSSECDV_SVCS/CSSECDV%20MP/src/Model/Logs.java</file>
            <file>file:/Users/kyleangelolino/Downloads/GitHub/CSSECDV_SVCS/CSSECDV%20MP/src/View/Login.java</file>
            <file>file:/Users/kyleangelolino/Downloads/GitHub/CSSECDV_SVCS/CSSECDV%20MP/src/Controller/SQLite.java</file>
            <file>file:/Users/kyleangelolino/Downloads/GitHub/CSSECDV_SVCS/CSSECDV%20MP/src/View/MgmtLogs.java</file>
            <file>file:/Users/kyleangelolino/Downloads/GitHub/CSSECDV_SVCS/CSSECDV%20MP/src/View/Frame.java</file>
            <file>file:/Users/kyleangelolino/Downloads/GitHub/CSSECDV_SVCS/CSSECDV%20MP/src/Controller/Main.java</file>
            <file>file:/Users/kyleangelolino/Downloads/GitHub/CSSECDV_SVCS/CSSECDV%20MP/src/View/Register.java</file>
            <file>file:/Users/kyleangelolino/Downloads/GitHub/CSSECDV_SVCS/CSSECDV%20MP/src/Model/User.java</file>
        </group>
    </open-files>
</project-private>
